user_apparent_gender,number_upvotes,reason_given_1,reason_given_2,reason_given_3,user_explanations
Female,785,Can't Provide Quality of Life,Don't Want to Experience Birth/Pregnancy,None,Temperament is prohibitive
Male,17692,Medical-can't provide quality of life,None,None,
Male,6761,Can't Provide Quality of Life,None,None,
Male,9185,Don't Want Lifestyle Change,None,None,Negative childhood experience
Male,2469,Cost-can't afford,Don't Want Lifestyle Change,None,
Female,5485,Cost-can't afford,None,None,
Unknown,13134,Don't Want Lifestyle Change,None,None,
Male,7429,Don't Want Lifestyle Change,None,None,
Male,23033,Can't Provide Quality of Life,None,None,Temperament is prohibitive
Unknown,1520,Don't Want Lifestyle Change,Can't Provide Quality of Life,None,
Female,9975,Don't Want Lifestyle Change,None,None,
Male,19838,Cost-can't afford,Don't Want Lifestyle Change,None,
Unknown,22680,Medical-can't provide quality of life,None,None,Negative childhood experience
Female,26687,Medical-condition is prohibitive,Don't Want to Experience Birth/Pregnancy,Don't Want Lifestyle Change,"Medical condition is genetic, negative childhood experience"
Female,12810,Don't Want Lifestyle Change,None,None,
Female,6595,Medical-can't provide quality of life,Cost-can't afford,Don't Want to Experience Birth/Pregnancy,Mental health condition
Female,21225,Don't Want Lifestyle Change,None,None,
Male,368,Cost-can't afford,Don't Want Lifestyle Change,None,
Female,16736,Don't Want to Experience Birth/Pregnancy,Don't Want Lifestyle Change,None,
Female,2267,Don't Want Lifestyle Change,Can't Provide Quality of Life,None,State of the world concerns
Female,4220,Cost-can't afford,Don't Want Lifestyle Change,None,
Male,10756,Don't Want Lifestyle Change,Medical-condition is prohibitive,Can't Provide Quality of Life,"Medical condition is genetic, state of the world concerns"
Female,219,Don't Want Lifestyle Change,Can't Provide Quality of Life,None,State of the world concerns
Male,1537,Don't Want Lifestyle Change,None,None,
Male,2938,Cost-can't afford,None,None,
Unknown,1168,Don't Want Lifestyle Change,Can't Provide Quality of Life,None,Temperament is prohibitive
Female,265,Don't Want to Experience Birth/Pregnancy,None,None,Fear of PPD
Female,122,Medical-can't provide quality of life,Don't Want Lifestyle Change,Don't Want to Experience Birth/Pregnancy,"Negative childhood experience, mental health and genetic condition "
Male,943,Medical-condition is prohibitive,Can't Provide Quality of Life,None,Mental health condition
Male,1181,Cost-can't afford,Don't Want Lifestyle Change,Can't Provide Quality of Life,
Male,759,Cost-can't afford,Don't Want Lifestyle Change,None,
Female,857,Don't Want to Experience Birth/Pregnancy,Don't Want Lifestyle Change,Cost-can't provide quality of life,
Female,984,Can't Provide Quality of Life,Don't Want to Experience Birth/Pregnancy,Don't Want Lifestyle Change,State of the world concerns
Male,86,Cost-can't provide quality of life,Don't Want Lifestyle Change,None,
Female,83,Don't Want Lifestyle Change,None,None,
Male,968,Don't Want Lifestyle Change,None,None,
Male,311,Don't Want Lifestyle Change,Can't Provide Quality of Life,None,State of the world concerns
Female,1757,Cost-can't afford,Don't Want Lifestyle Change,Don't Want to Experience Birth/Pregnancy,
Male,29,Can't Provide Quality of Life,None,None,
Male,1190,Can't Provide Quality of Life,None,None,State of the world concerns
Female,23,Cost-can't afford,Don't Want Lifestyle Change,None,Negative childhood experience
Female,113,Can't Provide Quality of Life,Don't Want Lifestyle Change,None,Temperament is prohibitive
Male,219,Don't Want Lifestyle Change,None,None,Neurodivergent child concerns
Male,287,Can't Provide Quality of Life,None,None,State of the world concerns
Female,71,Don't Want to Experience Birth/Pregnancy,Cost-can't afford,Can't Provide Quality of Life,Negative childhood experience
Male,22,Don't Want Lifestyle Change,None,None,
Female,65,Don't Want Lifestyle Change,None,None,
Female,20,Cost-can't afford,Don't Want Lifestyle Change,Don't Want to Experience Birth/Pregnancy,
Male,255,Don't Want Lifestyle Change,Can't Provide Quality of Life,None,State of the world concerns
Female,20,Can't Provide Quality of Life,Don't Want to Experience Birth/Pregnancy,None,Negative childhood experience
Female,87,Can't Provide Quality of Life,Cost-can't afford,None,Temperament is prohibitive
Unknown,516,Can't Provide Quality of Life,None,None,State of the world concerns
Female,275,Don't Want Lifestyle Change,Can't Provide Quality of Life,None,
Female,75,Don't Want to Experience Birth/Pregnancy,Don't Want Lifestyle Change,Medical-condition is prohibitive,
Unknown,16,Can't Provide Quality of Life,None,None,
Female,16,Medical-condition is prohibitive,None,None,Mental health condition
Female,121,Don't Want to Experience Birth/Pregnancy,Don't Want Lifestyle Change,None,
Male,117,Can't Provide Quality of Life,Medical-condition is prohibitive,Don't Want Lifestyle Change,"Genetic medical conditions, negative childhood experience"
Male,88,Can't Provide Quality of Life,None,None,State of the world concerns
Female,95,Don't Want Lifestyle Change,None,None,
Unknown,14,Don't Want Lifestyle Change,None,None,
Male,63,Can't Provide Quality of Life,None,None,Temperament is prohibitive
Male,67,Can't Provide Quality of Life,None,None,
Male,79,Don't Want Lifestyle Change,None,None,
Female,117,Don't Want to Experience Birth/Pregnancy,None,None,
Unknown,129,Can't Provide Quality of Life,None,None,State of the world concerns
Unknown,321,Can't Provide Quality of Life,None,None,State of the world concerns
Female,31,Don't Want to Experience Birth/Pregnancy,Don't Want Lifestyle Change,None,
Female,136,Don't Want Lifestyle Change,None,None,
Female,10,Can't Provide Quality of Life,None,None,
Unknown,9,Don't Want Lifestyle Change,None,None,
Male,71,Cost-can't provide quality of life,Can't Provide Quality of Life,None,State of the world concerns
Male,372,Don't Want Lifestyle Change,Can't Provide Quality of Life,None,State of the world concerns
Female,42,Can't Provide Quality of Life,Don't Want Lifestyle Change,Medical-condition is prohibitive,"State of the world concerns, genetic medical condition"
Male,133,Can't Provide Quality of Life,Don't Want Lifestyle Change,None,State of world concerns
Female,10,Medical-can't provide quality of life,Medical-condition is prohibitive,None,"Mental  health conditions, genetic mental health and physical conditions, negative childhood experience "
Female,9,Medical-can't provide quality of life,Medical-can't afford,None,Mental health condition
Male,9,Don't Want Lifestyle Change,None,None,
Female,95,Can't Provide Quality of Life,None,None,Temperament is prohibitive
Male,96,Cost-can't afford,Cost-can't provide quality of life,None,
Female,111,Don't Want to Experience Birth/Pregnancy,Don't Want Lifestyle Change,None,
Male,28,Can't Provide Quality of Life,Cost-can't afford,None,
Male,24,Cost-can't afford,Don't Want Lifestyle Change,None,
Male,213,Can't Provide Quality of Life,None,None,State of the world concerns
Male,7,Don't Want Lifestyle Change,None,None,
Male,22,Can't Provide Quality of Life,None,None,"Temperament is prohibitive, state of the world concerns"
Female,21,Can't Provide Quality of Life,None,None,State of the world concerns 
Male,20,Can't Provide Quality of Life,Cost-can't afford,None,State of the world concerns
Female,18,Medical-condition is prohibitive,Don't Want Lifestyle Change,None,Reproductive health condition 
Female,18,Can't Provide Quality of Life,None,None,Temperament is prohibitive
Male,64,Can't Provide Quality of Life,None,None,State of the world concerns
Male,17,Can't Provide Quality of Life,Don't Want Lifestyle Change,Medical-condition is prohibitive,"Temperament is prohibitive, mental health condition"
Female,19,Can't Provide Quality of Life,Don't Want to Experience Birth/Pregnancy,Don't Want Lifestyle Change,Temperament is prohibitive
Male,5,Can't Provide Quality of Life,Don't Want Lifestyle Change,None,Temperament is prohibitive
Other,5,Don't Want Lifestyle Change,None,None,
Male,7,Don't Want Lifestyle Change,None,None,
Female,17,Don't Want Lifestyle Change,Don't Want to Experience Birth/Pregnancy,None,
Female,15,Don't Want to Experience Birth/Pregnancy,Can't Provide Quality of Life,None,State of the world concerns
Male,12,Cost-can't afford,Don't Want Lifestyle Change,None,
